{
  "version": 1,
  "author": "Dbfr 312",
  "editor": "wokwi",
  "parts": [
    { "type": "wokwi-breadboard-half", "id": "bb1", "top": -118.2, "left": -26, "attrs": {} },
    { "type": "board-esp32-devkit-c-v4", "id": "esp", "top": -134.4, "left": 340.84, "attrs": {} },
    { "type": "wokwi-dht22", "id": "dht1", "top": -220.5, "left": -139.8, "attrs": {} },
    {
      "type": "board-ssd1306",
      "id": "oled1",
      "top": 127.94,
      "left": 86.63,
      "attrs": { "i2cAddress": "0x3c" }
    },
    {
      "type": "wokwi-resistor",
      "id": "r1",
      "top": -24,
      "left": -144.55,
      "rotate": 90,
      "attrs": { "value": "10000" }
    },
    {
      "type": "wokwi-resistor",
      "id": "r2",
      "top": -177.6,
      "left": 47.45,
      "rotate": 90,
      "attrs": { "value": "10000" }
    },
    { "type": "wokwi-potentiometer", "id": "pot3", "top": -212.5, "left": -19.4, "attrs": {} },
    { "type": "wokwi-potentiometer", "id": "pot4", "top": -212.5, "left": 182.2, "attrs": {} },
    {
      "type": "wokwi-resistor",
      "id": "r4",
      "top": -177.6,
      "left": 249.05,
      "rotate": 90,
      "attrs": { "value": "10000" }
    }
  ],
  "connections": [
    [ "esp:TX", "$serialMonitor:RX", "", [] ],
    [ "esp:RX", "$serialMonitor:TX", "", [] ],
    [ "esp:GND.1", "bb1:bn.25", "black", [ "h-28.65", "v58.9" ] ],
    [ "dht1:VCC", "bb1:tp.1", "red", [ "v0" ] ],
    [ "dht1:GND", "bb1:bn.2", "black", [ "v0" ] ],
    [ "esp:3V3", "bb1:tp.25", "green", [ "h0" ] ],
    [ "pot3:VCC", "bb1:tp.3", "red", [ "v0" ] ],
    [ "pot4:VCC", "bb1:tp.21", "red", [ "v0" ] ],
    [ "pot3:GND", "bb1:tn.1", "black", [ "v0" ] ],
    [ "pot4:GND", "bb1:tn.19", "black", [ "v0" ] ],
    [ "dht1:SDA", "bb1:1t.c", "violet", [ "v0" ] ],
    [ "dht1:SDA", "r1:1", "green", [ "v0" ] ],
    [ "r1:2", "bb1:tp.5", "green", [ "h0" ] ],
    [ "pot4:SIG", "bb1:24t.a", "orange", [ "v0" ] ],
    [ "bb1:30t.b", "esp:35", "#8f4814", [ "v0" ] ],
    [ "pot3:SIG", "r2:1", "green", [ "v0" ] ],
    [ "pot4:SIG", "r4:1", "green", [ "v0" ] ],
    [ "r2:2", "bb1:tn.7", "green", [ "h0" ] ],
    [ "r4:2", "bb1:tn.25", "green", [ "h0" ] ],
    [ "oled1:GND", "bb1:bn.11", "black", [ "v0" ] ],
    [ "oled1:VCC", "bb1:bp.12", "red", [ "v0" ] ],
    [ "oled1:SDA", "bb1:17t.e", "magenta", [ "v0" ] ],
    [ "bb1:17t.b", "esp:21", "magenta", [ "v0" ] ],
    [ "oled1:SCL", "bb1:16t.e", "cyan", [ "v0" ] ],
    [ "bb1:16t.a", "esp:22", "cyan", [ "v0" ] ],
    [ "bb1:24t.c", "esp:34", "orange", [ "v0" ] ],
    [ "bb1:1t.e", "esp:15", "violet", [ "v0" ] ],
    [ "pot3:SIG", "bb1:3t.a", "#8f4814", [ "v0" ] ],
    [ "bb1:3t.b", "esp:35", "#8f4814", [ "v0" ] ]
  ],
  "dependencies": {}
}